{
  "exp1_overall_accuracy": {
    "gpt-4.1": 0.9047619047619048,
    "gpt-4.1-mini": 0.8015873015873016
  },
  "exp1_fpr_plausible": {
    "gpt-4.1": 0.11904761904761904,
    "gpt-4.1-mini": 0.14285714285714285
  },
  "exp1_fpr_implausible": {
    "gpt-4.1": 0.045454545454545456,
    "gpt-4.1-mini": 0.0
  }
}